<?xml version="1.0" encoding="utf-8"?>
<databaseChangeLog
    xmlns="http://www.liquibase.org/xml/ns/dbchangelog"
    xmlns:xsi="http://www.w3.org/2001/XMLSchema-instance"
    xsi:schemaLocation="http://www.liquibase.org/xml/ns/dbchangelog http://www.liquibase.org/xml/ns/dbchangelog/dbchangelog-4.6.xsd">

    <property name="now" value="now()" dbms="h2"/>
    <property name="now" value="now()" dbms="mysql, mariadb"/>
    <property name="floatType" value="float4" dbms="postgresql, h2"/>
    <property name="floatType" value="float" dbms="mysql, oracle, mssql, mariadb"/>
    <property name="clobType" value="clob" dbms="h2"/>
    <property name="clobType" value="clob" dbms="mysql, oracle, mssql, mariadb, postgresql"/>
    <property name="uuidType" value="varchar(36)" dbms="h2, mysql, mariadb"/>
    <property name="datetimeType" value="datetime(6)" dbms="mysql, mariadb"/>
    <property name="datetimeType" value="datetime" dbms="oracle, mssql, postgresql, h2"/>

    <include file="config/liquibase/changelog/00000000000000_initial_schema.xml" relativeToChangelogFile="false"/>
    <include file="config/liquibase/changelog/20220728103611_added_entity_Category.xml" relativeToChangelogFile="false"/>
    <include file="config/liquibase/changelog/20220728103711_added_entity_CrediallWallet.xml" relativeToChangelogFile="false"/>
    <include file="config/liquibase/changelog/20220728103811_added_entity_Transaction.xml" relativeToChangelogFile="false"/>
    <include file="config/liquibase/changelog/20220728103911_added_entity_AccountType.xml" relativeToChangelogFile="false"/>
    <include file="config/liquibase/changelog/20220728104011_added_entity_CustomerAccount.xml" relativeToChangelogFile="false"/>
    <include file="config/liquibase/changelog/20220728104111_added_entity_Address.xml" relativeToChangelogFile="false"/>
    <!-- jhipster-needle-liquibase-add-changelog - JHipster will add liquibase changelogs here -->
    <include file="config/liquibase/changelog/20220728103611_added_entity_constraints_Category.xml" relativeToChangelogFile="false"/>
    <include file="config/liquibase/changelog/20220728103711_added_entity_constraints_CrediallWallet.xml" relativeToChangelogFile="false"/>
    <include file="config/liquibase/changelog/20220728103811_added_entity_constraints_Transaction.xml" relativeToChangelogFile="false"/>
    <include file="config/liquibase/changelog/20220728103911_added_entity_constraints_AccountType.xml" relativeToChangelogFile="false"/>
    <include file="config/liquibase/changelog/20220728104111_added_entity_constraints_Address.xml" relativeToChangelogFile="false"/>
    <!-- jhipster-needle-liquibase-add-constraints-changelog - JHipster will add liquibase constraints changelogs here -->
    <!-- jhipster-needle-liquibase-add-incremental-changelog - JHipster will add incremental liquibase changelogs here -->
</databaseChangeLog>
